{
  "M": 375,
  "N": 1000,
  "Data-No": 5,
  "Sparsity": 4.220408163265307,
  "P-LASSO": {
    "FP": [
      14, 30, 41, 49, 58, 83, 80, 80, 86, 96, 89, 121, 127, 144, 154, 161, 152,
      158, 170, 187, 193, 196, 205, 223, 214, 217, 234, 210, 237, 238, 235, 239,
      246, 222, 240, 222, 187, 207, 221, 179, 220, 189, 170, 195, 186, 181, 167,
      177, 165, 164
    ],
    "FN": [
      0, 0, 0, 0, 0, 0, 0, 0, 0, 0, 0, 0, 0, 0, 0, 0, 0, 0, 0, 0, 0, 0, 1, 1, 1,
      1, 1, 1, 1, 1, 1, 0, 1, 0, 0, 0, 0, 0, 0, 0, 0, 0, 0, 0, 0, 0, 0, 0, 0, 0
    ],
    "TP": [
      3, 4, 5, 7, 7, 11, 12, 13, 16, 18, 19, 22, 25, 27, 33, 36, 36, 39, 40, 43,
      54, 58, 69, 70, 70, 73, 72, 69, 64, 64, 65, 63, 70, 65, 55, 56, 44, 42,
      44, 39, 40, 44, 46, 48, 47, 48, 44, 44, 46, 42
    ],
    "TN": [
      997, 996, 995, 993, 993, 989, 988, 987, 984, 982, 981, 978, 975, 973, 967,
      964, 964, 961, 960, 957, 946, 942, 931, 930, 930, 927, 928, 931, 936, 936,
      935, 937, 930, 935, 945, 944, 956, 958, 956, 961, 960, 956, 954, 952, 953,
      952, 956, 956, 954, 958
    ],
    "RRMSE": [
      0.00043405139034548025, 0.0005383947428686419, 0.00022763159448545086,
      0.0005554917374994108, 0.0005515341856729447, 0.000584788775809087,
      0.0009036276442323706, 0.0007081631250832411, 0.0009693396292171537,
      0.0010746702668644182, 0.0006316208396676715, 0.0010136686429662366,
      0.0012797210341472741, 0.00101151720848601, 0.0009122032424800759,
      0.0012063564160111914, 0.0013953188281060182, 0.001261944245920026,
      0.001392016885838126, 0.0016904456236693562, 0.007212758966432794,
      0.003279620437660969, 0.0791335117333652, 0.09449692249150766,
      0.11546914774265281, 0.17460324549078637, 0.1633923279527456,
      0.18699064379988778, 0.2112777028307489, 0.22328724175792977,
      0.21200388424698646, 0.1595296376816805, 0.14643243296362368,
      0.14788438235458404, 0.19832460596260845, 0.2818732656415257,
      0.38045759511248706, 0.2921974423479516, 0.2967525495675264,
      0.33691256619202586, 0.23102577504287908, 0.23964009457022298,
      0.20446639537489703, 0.1600557940552171, 0.04632023109238064,
      0.038560559367026015, 0.056881405528803504, 0.12727867991508657,
      0.1256502111586166, 0.1527018548160912
    ]
  },
  "W-LASSO": {
    "FP": [
      14, 0, 21, 0, 8, 7, 11, 49, 85, 1, 62, 1, 4, 2, 1, 12, 0, 158, 10, 23, 10,
      9, 44, 54, 51, 59, 104, 15, 63, 35, 21, 81, 96, 81, 32, 28, 0, 1, 15, 1,
      3, 6, 9, 3, 4, 16, 5, 12, 4, 49
    ],
    "FN": [
      0, 0, 0, 0, 0, 0, 0, 0, 0, 0, 0, 0, 0, 0, 0, 0, 0, 0, 0, 0, 0, 0, 0, 0, 0,
      0, 0, 0, 0, 0, 0, 0, 0, 0, 0, 0, 0, 0, 0, 0, 0, 0, 0, 0, 0, 0, 0, 0, 0, 0
    ],
    "TP": [
      3, 4, 5, 7, 7, 11, 12, 13, 16, 18, 19, 22, 25, 27, 33, 36, 36, 39, 40, 43,
      54, 58, 69, 70, 70, 73, 72, 69, 64, 64, 65, 63, 70, 65, 55, 56, 44, 42,
      44, 39, 40, 44, 46, 48, 47, 48, 44, 44, 46, 42
    ],
    "TN": [
      997, 996, 995, 993, 993, 989, 988, 987, 984, 982, 981, 978, 975, 973, 967,
      964, 964, 961, 960, 957, 946, 942, 931, 930, 930, 927, 928, 931, 936, 936,
      935, 937, 930, 935, 945, 944, 956, 958, 956, 961, 960, 956, 954, 952, 953,
      952, 956, 956, 954, 958
    ],
    "RRMSE": [
      0.00042915317846347467, 0.00018308068592205027, 0.0002396185777189452,
      0.000506002911482918, 0.00033845104177892925, 0.0002882202690634755,
      0.0003328752028245166, 0.0005329869387859116, 0.0009535220155563195,
      0.0004104547535729023, 0.00046589438856767186, 0.00042997546870702824,
      0.0005152734676899562, 0.0003423051172250634, 0.00043477139774937367,
      0.0005492344152420914, 0.0005232500982596846, 0.0012318753647520132,
      0.0004710565089786779, 0.00042381023064608805, 0.000557963846236302,
      0.0005000825860694011, 0.0005179685102763202, 0.0007004366253952199,
      0.0006491461351978247, 0.0006251038397987643, 0.0007212156817531104,
      0.0003457790408325075, 0.0006528792499385511, 0.0004374495909015411,
      0.0005684703691507831, 0.0006184357702156796, 0.0005816351793852366,
      0.000648057698017463, 0.0004975027740737678, 0.0005419377381617524,
      0.00038876483082584876, 0.00039481137006764153, 0.00035454564798440013,
      0.00038830182848451403, 0.00029864825624938883, 0.00036563935417889944,
      0.00042915966880941397, 0.0003742429507494296, 0.00047146956412246887,
      0.000415914520789743, 0.0005512036591365511, 0.0005411673103951182,
      0.0005041531368284192, 0.0006549227424103211
    ]
  }
}
