{
  "M": 375,
  "N": 1000,
  "Data-No": 10,
  "Sparsity": 3.2959183673469385,
  "P-LASSO": {
    "FP": [
      153, 143, 191, 160, 169, 185, 142, 135, 76, 72, 68, 75, 80, 134, 116, 151,
      150, 180, 197, 201, 203, 201, 207, 214, 203, 216, 219, 210, 208, 203, 202,
      182, 170, 153, 149, 131, 111, 103, 101, 47, 40, 21, 37, 47, 29, 29, 39,
      35, 59, 23
    ],
    "FN": [
      0, 0, 0, 0, 0, 0, 0, 0, 0, 0, 0, 0, 0, 0, 0, 0, 0, 0, 0, 0, 0, 0, 0, 0, 0,
      0, 0, 0, 0, 0, 0, 0, 0, 0, 0, 0, 0, 0, 0, 0, 0, 0, 0, 0, 0, 0, 0, 0, 0, 0
    ],
    "TP": [
      30, 31, 31, 30, 30, 29, 25, 24, 22, 20, 21, 22, 21, 28, 29, 31, 37, 42,
      47, 56, 61, 63, 69, 72, 73, 79, 78, 69, 65, 62, 56, 50, 45, 36, 30, 26,
      20, 16, 13, 6, 5, 4, 5, 6, 4, 5, 5, 4, 6, 6
    ],
    "TN": [
      970, 969, 969, 970, 970, 971, 975, 976, 978, 980, 979, 978, 979, 972, 971,
      969, 963, 958, 953, 944, 939, 937, 931, 928, 927, 921, 922, 931, 935, 938,
      944, 950, 955, 964, 970, 974, 980, 984, 987, 994, 995, 996, 995, 994, 996,
      995, 995, 996, 994, 994
    ],
    "RRMSE": [
      0.389968213105548, 0.43737415775758104, 0.48772824707339363,
      0.3839631467638375, 0.46687557170108485, 0.405503181774869,
      0.3631729792784068, 0.40369932306597467, 0.30468196798211966,
      0.33515051281466113, 0.2790443055142174, 0.20304192891532527,
      0.0011448198956116064, 0.01956457945553184, 0.3734382584699877,
      0.3727067523922901, 0.3841330253006218, 0.3407393477485602,
      0.34422302678128774, 0.3169342529969816, 0.2914435533695128,
      0.30721696702399526, 0.25829767567529616, 0.2522560738241352,
      0.19864176175472573, 0.19410699250846422, 0.2007040775273177,
      0.21637564918349916, 0.21195088383915986, 0.21232851452295884,
      0.23689387934888934, 0.26449919892199436, 0.2679652122944984,
      0.27624728831233575, 0.3048431318333906, 0.33170414288811556,
      0.3844124875966243, 0.44066311126642554, 0.4713517455359852,
      0.0004878650337447248, 0.0006966405919427672, 0.00047776886120019985,
      0.0004522522503783438, 0.0006813734331867952, 0.0003751513716547138,
      0.00046111673526958726, 0.0005868144122637012, 0.0006385839911744975,
      0.0005657757225820396, 0.0006025093674148345
    ]
  },
  "W-LASSO": {
    "FP": [
      143, 1, 2, 1, 0, 18, 0, 0, 121, 2, 14, 2, 8, 2, 32, 5, 138, 146, 27, 21,
      27, 98, 12, 204, 53, 45, 89, 41, 32, 38, 35, 11, 12, 11, 5, 9, 1, 15, 5,
      46, 38, 31, 37, 43, 2, 23, 26, 32, 59, 50
    ],
    "FN": [
      0, 0, 0, 0, 0, 0, 0, 0, 0, 0, 0, 0, 0, 0, 0, 0, 0, 0, 0, 0, 0, 0, 0, 0, 0,
      0, 0, 0, 0, 0, 0, 0, 0, 0, 0, 0, 0, 0, 0, 0, 0, 0, 0, 0, 0, 0, 0, 0, 0, 0
    ],
    "TP": [
      30, 31, 31, 30, 30, 29, 25, 24, 22, 20, 21, 22, 21, 28, 29, 31, 37, 42,
      47, 56, 61, 63, 69, 72, 73, 79, 78, 69, 65, 62, 56, 50, 45, 36, 30, 26,
      20, 16, 13, 6, 5, 4, 5, 6, 4, 5, 5, 4, 6, 6
    ],
    "TN": [
      970, 969, 969, 970, 970, 971, 975, 976, 978, 980, 979, 978, 979, 972, 971,
      969, 963, 958, 953, 944, 939, 937, 931, 928, 927, 921, 922, 931, 935, 938,
      944, 950, 955, 964, 970, 974, 980, 984, 987, 994, 995, 996, 995, 994, 996,
      995, 995, 996, 994, 994
    ],
    "RRMSE": [
      0.006161688148613226, 0.0004657492446778378, 0.0004606756434635355,
      0.0007791436463167845, 0.0004138696570613932, 0.0003364269669782251,
      0.0005423077461413984, 0.0006602083595355761, 0.0014229449947450652,
      0.000505321437261499, 0.0004754514148242652, 0.000525623301968066,
      0.0004822676846586318, 0.0004355987167891452, 0.0004969355269691786,
      0.0004949399827139594, 0.0008888234953496761, 0.000834549613515691,
      0.0004945020580312288, 0.00032992335818114434, 0.0004654824148310287,
      0.0007188778712123347, 0.00041098150314279326, 0.0017027598612723224,
      0.000717589842308843, 0.0006524915169361261, 0.000846429487274816,
      0.0005637033677784222, 0.0006265237928806817, 0.0006007859959478081,
      0.0006582416859469464, 0.0006340434732815007, 0.0004600267010329799,
      0.0003874431754106173, 0.0005137978152990391, 0.0003937926083693182,
      0.00039774235386636153, 0.0003612959544195733, 0.0004607813619098364,
      0.00048358989759601843, 0.0006932182288229913, 0.000493139804316693,
      0.0004502716454373443, 0.0006773517446448823, 0.00039158499384329883,
      0.0004439159466959334, 0.00045097634886744477, 0.0006182027843633923,
      0.0005610745804516965, 0.0006206969825278399
    ]
  }
}
