{
  "M": 375,
  "N": 1000,
  "Data-No": 6,
  "Sparsity": 6.185714285714285,
  "P-LASSO": {
    "FP": [
      166, 178, 174, 170, 175, 182, 199, 185, 193, 186, 184, 206, 232, 227, 248,
      253, 232, 248, 234, 239, 224, 259, 272, 248, 238, 241, 244, 243, 215, 246,
      253, 261, 264, 256, 234, 218, 212, 193, 182, 193, 174, 155, 187, 168, 139,
      155, 155, 162, 158, 152
    ],
    "FN": [
      0, 0, 0, 0, 0, 0, 0, 0, 0, 0, 0, 0, 0, 0, 0, 0, 0, 0, 0, 0, 0, 0, 0, 2, 1,
      1, 0, 1, 0, 0, 0, 0, 0, 0, 0, 0, 0, 0, 0, 0, 0, 0, 0, 0, 0, 0, 0, 0, 0, 0
    ],
    "TP": [
      42, 43, 43, 46, 49, 52, 49, 46, 47, 48, 49, 52, 58, 64, 75, 78, 74, 72,
      71, 70, 75, 84, 90, 93, 94, 95, 93, 91, 80, 84, 88, 87, 83, 78, 72, 64,
      56, 49, 52, 49, 46, 40, 46, 37, 32, 35, 39, 39, 37, 37
    ],
    "TN": [
      958, 957, 957, 954, 951, 948, 951, 954, 953, 952, 951, 948, 942, 936, 925,
      922, 926, 928, 929, 930, 925, 916, 910, 907, 906, 905, 907, 909, 920, 916,
      912, 913, 917, 922, 928, 936, 944, 951, 948, 951, 954, 960, 954, 963, 968,
      965, 961, 961, 963, 963
    ],
    "RRMSE": [
      0.20317802596568466, 0.17328191982030428, 0.07383351795730302,
      0.03380648133558267, 0.02214557135480109, 0.18358882647699018,
      0.21118932618017744, 0.22116786670938904, 0.21624188585879345,
      0.2510246287597162, 0.22819104549925673, 0.21064181890716965,
      0.23838625537979963, 0.21467357350215394, 0.31270407818990803,
      0.30076668123686956, 0.27850648690766444, 0.25682099712986767,
      0.2186995181098482, 0.26404586036864003, 0.21141532521751605,
      0.19531737242630476, 0.1765582761774204, 0.17537910941397888,
      0.06350194759298099, 0.20653334161069672, 0.1671743516443723,
      0.19483479359181502, 0.1060506010568014, 0.1575138217945143,
      0.1519639240003791, 0.18461526315557622, 0.18458052076038764,
      0.18309699981087485, 0.1434315555460507, 0.19889205060584408,
      0.21234561385948963, 0.23117291184160488, 0.26973565880386297,
      0.15194761730619938, 0.122642687613881, 0.0010085921309636338,
      0.1530444626611114, 0.1715972924424371, 0.180962949717037,
      0.17975014349304586, 0.1611943660226967, 0.18408872214342098,
      0.17772851051793512, 0.20829633223810723
    ]
  },
  "W-LASSO": {
    "FP": [
      106, 177, 173, 167, 166, 156, 191, 165, 2, 13, 10, 31, 35, 38, 21, 55, 54,
      52, 43, 30, 64, 57, 76, 109, 128, 128, 88, 126, 114, 21, 216, 207, 163,
      209, 198, 189, 12, 182, 176, 183, 170, 153, 181, 167, 138, 154, 151, 158,
      154, 148
    ],
    "FN": [
      0, 0, 0, 0, 0, 0, 0, 0, 0, 0, 0, 0, 0, 0, 0, 0, 0, 0, 0, 0, 0, 0, 0, 0, 0,
      0, 0, 0, 0, 0, 0, 0, 0, 0, 0, 0, 0, 0, 0, 0, 0, 0, 0, 0, 0, 0, 0, 0, 0, 0
    ],
    "TP": [
      42, 43, 43, 46, 49, 52, 49, 46, 47, 48, 49, 52, 58, 64, 75, 78, 74, 72,
      71, 70, 75, 84, 90, 93, 94, 95, 93, 91, 80, 84, 88, 87, 83, 78, 72, 64,
      56, 49, 52, 49, 46, 40, 46, 37, 32, 35, 39, 39, 37, 37
    ],
    "TN": [
      958, 957, 957, 954, 951, 948, 951, 954, 953, 952, 951, 948, 942, 936, 925,
      922, 926, 928, 929, 930, 925, 916, 910, 907, 906, 905, 907, 909, 920, 916,
      912, 913, 917, 922, 928, 936, 944, 951, 948, 951, 954, 960, 954, 963, 968,
      965, 961, 961, 963, 963
    ],
    "RRMSE": [
      0.0008109032897641952, 0.0017437846050950162, 0.0011375963886639923,
      0.0011797581040105252, 0.0012120376078610675, 0.0012024730601410015,
      0.0018184320224739427, 0.0012228530375682975, 0.00038748970175168007,
      0.0005839100464370943, 0.0003997902363213378, 0.00046327578669660833,
      0.0005879670384379659, 0.0004648707286111249, 0.0005362794548447738,
      0.0007223404210964027, 0.0005118566605187663, 0.0005883428810780215,
      0.0005338061541780455, 0.0006771904419615387, 0.000671395878142329,
      0.0006337921225460793, 0.000794126453001203, 0.0007711817072369157,
      0.0010090684443916909, 0.0009034666890795349, 0.0007516963268095721,
      0.0009189771390684357, 0.0009563531226068362, 0.0005889571866614763,
      0.0025780547990773657, 0.0028616879172179803, 0.0010735330164826033,
      0.0015039137911635441, 0.001402890136158043, 0.0014884047090502318,
      0.000552599590699947, 0.0023291337907181443, 0.00212585679941905,
      0.001996793474879662, 0.0011574293831276754, 0.000995535251854396,
      0.0013513137563672156, 0.0010348535554471825, 0.0007777926103317483,
      0.0007612300165569873, 0.001352150551458635, 0.000996275451170185,
      0.0009670795992137226, 0.0011487064400516746
    ]
  }
}
