{
  "M": 300,
  "N": 1000,
  "Data-No": 6,
  "Sparsity": 6.185714285714285,
  "P-LASSO": {
    "FP": [
      177, 176, 167, 161, 178, 147, 132, 184, 178, 184, 180, 198, 200, 224, 233,
      249, 222, 218, 214, 175, 193, 225, 242, 244, 290, 304, 306, 283, 173, 285,
      302, 285, 286, 258, 221, 179, 168, 187, 178, 188, 160, 146, 177, 133, 133,
      160, 193, 191, 186, 170
    ],
    "FN": [
      0, 0, 0, 0, 0, 0, 0, 0, 0, 0, 0, 0, 0, 0, 0, 0, 0, 0, 0, 0, 0, 0, 1, 0, 0,
      0, 0, 0, 1, 0, 0, 0, 0, 0, 0, 0, 0, 0, 0, 0, 0, 0, 0, 0, 0, 0, 0, 0, 0, 0
    ],
    "TP": [
      42, 43, 43, 46, 49, 52, 49, 46, 47, 48, 49, 52, 58, 64, 75, 78, 74, 72,
      71, 70, 75, 84, 90, 93, 94, 95, 93, 91, 80, 84, 88, 87, 83, 78, 72, 64,
      56, 49, 52, 49, 46, 40, 46, 37, 32, 35, 39, 39, 37, 37
    ],
    "TN": [
      958, 957, 957, 954, 951, 948, 951, 954, 953, 952, 951, 948, 942, 936, 925,
      922, 926, 928, 929, 930, 925, 916, 910, 907, 906, 905, 907, 909, 920, 916,
      912, 913, 917, 922, 928, 936, 944, 951, 948, 951, 954, 960, 954, 963, 968,
      965, 961, 961, 963, 963
    ],
    "RRMSE": [
      0.2982805602270994, 0.2203988510132783, 0.30424133464199543,
      0.13516497327897742, 0.12095174745331595, 0.1727656486649159,
      0.13517526541625935, 0.10665982312000745, 0.11837307851055218,
      0.2014306028977514, 0.21802239245353303, 0.22803286133508358,
      0.35387995990614635, 0.36631757495432127, 0.4496396971312245,
      0.44299373407298653, 0.3490599799138184, 0.36181632715149714,
      0.40423458108529403, 0.3675113134513228, 0.28116160624228737,
      0.4002676150186912, 0.3788550887161549, 0.4605979922268372,
      0.4919376765728747, 0.3813131848446466, 0.3862153967769845,
      0.4406763445588108, 0.3722161530335623, 0.3927925572528385,
      0.39008520366307387, 0.4298285856042225, 0.44485747555916955,
      0.4534742430875079, 0.3630522491208909, 0.3896968867331137,
      0.381914431446793, 0.3742793071047183, 0.32784235748833584,
      0.333655450998459, 0.27563926474665096, 0.32353354249477095,
      0.33826204506909474, 0.2878075387134452, 0.22638417698443578,
      0.23807294192081468, 0.26276556349951957, 0.26276242497291974,
      0.277022138385291, 0.2589057299124349
    ]
  },
  "W-LASSO": {
    "FP": [
      7, 38, 11, 7, 5, 160, 154, 7, 6, 156, 151, 178, 170, 182, 180, 163, 173,
      171, 29, 25, 164, 45, 51, 42, 45, 87, 61, 82, 55, 61, 143, 94, 57, 160,
      19, 165, 173, 166, 104, 30, 39, 16, 58, 82, 2, 31, 1, 28, 2, 8
    ],
    "FN": [
      0, 0, 0, 0, 0, 0, 0, 0, 0, 0, 0, 0, 0, 0, 0, 0, 0, 0, 0, 0, 0, 0, 0, 0, 0,
      0, 0, 0, 0, 0, 0, 0, 0, 0, 0, 0, 0, 0, 0, 0, 0, 0, 0, 0, 0, 0, 0, 0, 0, 0
    ],
    "TP": [
      42, 43, 43, 46, 49, 52, 49, 46, 47, 48, 49, 52, 58, 64, 75, 78, 74, 72,
      71, 70, 75, 84, 90, 93, 94, 95, 93, 91, 80, 84, 88, 87, 83, 78, 72, 64,
      56, 49, 52, 49, 46, 40, 46, 37, 32, 35, 39, 39, 37, 37
    ],
    "TN": [
      958, 957, 957, 954, 951, 948, 951, 954, 953, 952, 951, 948, 942, 936, 925,
      922, 926, 928, 929, 930, 925, 916, 910, 907, 906, 905, 907, 909, 920, 916,
      912, 913, 917, 922, 928, 936, 944, 951, 948, 951, 954, 960, 954, 963, 968,
      965, 961, 961, 963, 963
    ],
    "RRMSE": [
      0.0005167864484419148, 0.0007505615784303694, 0.0005459276070781579,
      0.001023718484310938, 0.0005124593131749686, 0.0021119260797089236,
      0.004252729660913237, 0.0006606981243505269, 0.0006085187664930055,
      0.004184087036296435, 0.0014441108426012633, 0.001998076442350637,
      0.001920307538877032, 0.0021576938355660886, 0.0026819561926302044,
      0.0019311795195206941, 0.002345609796329387, 0.0023916172174575745,
      0.000634020108234768, 0.0006296457970739348, 0.0014256768208210462,
      0.0006807393467531674, 0.0008291379877851292, 0.0007768793420604086,
      0.0007584989221933255, 0.0007913784405041042, 0.0009973168782669017,
      0.0007809338137593331, 0.000761795615855814, 0.0008602443454373308,
      0.0020207528147204367, 0.001137289233915054, 0.0009519184117062537,
      0.0029115213585104173, 0.0007198674222436666, 0.003715589763223787,
      0.0034552159991330465, 0.0035619149794754008, 0.0008425857344396757,
      0.000538439249991444, 0.0006411835434577738, 0.0005131352527693816,
      0.0005712115179213971, 0.0008833268936689671, 0.00041353528030521185,
      0.00044100590272850676, 0.00036651884426973494, 0.0006248825237229269,
      0.0003442019960198266, 0.00037849734582512135
    ]
  }
}
