{
  "M": 375,
  "N": 1000,
  "Data-No": 1,
  "Sparsity": 8.763265306122449,
  "P-LASSO": {
    "FP": [
      125, 129, 144, 170, 171, 196, 219, 207, 226, 247, 254, 247, 245, 226, 230,
      223, 196, 209, 205, 226, 227, 202, 216, 222, 218, 261, 257, 237, 243, 246,
      234, 235, 251, 244, 240, 219, 230, 220, 217, 203, 224, 212, 211, 205, 185,
      162, 192, 165, 155, 118
    ],
    "FN": [
      0, 0, 0, 0, 0, 0, 0, 0, 0, 0, 0, 0, 0, 0, 0, 0, 0, 0, 0, 0, 0, 0, 0, 0, 0,
      0, 0, 0, 0, 0, 0, 0, 0, 0, 0, 0, 0, 0, 0, 0, 0, 0, 0, 0, 0, 0, 0, 0, 0, 0
    ],
    "TP": [
      25, 28, 36, 46, 49, 59, 68, 66, 79, 100, 100, 96, 100, 101, 100, 99, 100,
      102, 107, 113, 107, 111, 114, 103, 107, 115, 113, 111, 115, 115, 113, 112,
      107, 101, 105, 107, 97, 93, 89, 79, 83, 79, 71, 73, 68, 60, 60, 51, 46, 40
    ],
    "TN": [
      975, 972, 964, 954, 951, 941, 932, 934, 921, 900, 900, 904, 900, 899, 900,
      901, 900, 898, 893, 887, 893, 889, 886, 897, 893, 885, 887, 889, 885, 885,
      887, 888, 893, 899, 895, 893, 903, 907, 911, 921, 917, 921, 929, 927, 932,
      940, 940, 949, 954, 960
    ],
    "RRMSE": [
      0.03149618904053967, 0.032281324799389464, 0.06745113717873517,
      0.20708005555734957, 0.21018080947053477, 0.2013011061177301,
      0.19226986298087376, 0.201856256285623, 0.21663553742429068,
      0.21218252343918004, 0.22061330713929608, 0.17756181900818788,
      0.1825690398955275, 0.14787130493537476, 0.08436687977464682,
      0.09412006363360167, 0.07979542505784258, 0.06707680833974976,
      0.11061102786184618, 0.11234237350871268, 0.09443121048974111,
      0.17656236709302986, 0.2000844719985165, 0.20852393771862854,
      0.20921581709183956, 0.4923065772032418, 0.42702580344304514,
      0.39438746902435173, 0.4673940316390683, 0.4143569780695201,
      0.22147047017909094, 0.2944380486493634, 0.1960982528182502,
      0.16479989901164713, 0.16937919332241896, 0.17071443752976917,
      0.12648249337720907, 0.1300070983021155, 0.14743476836950767,
      0.15871902535500526, 0.1743090267620156, 0.17607947917808908,
      0.18785768114959014, 0.17335543129116132, 0.1253956995891323,
      0.10568563251914953, 0.08923646014990515, 0.013638456718888409,
      0.01400493154849227, 0.019572956504721576
    ]
  },
  "W-LASSO": {
    "FP": [
      65, 80, 86, 6, 6, 22, 59, 56, 28, 70, 70, 73, 34, 87, 79, 58, 64, 42, 77,
      43, 88, 95, 94, 79, 118, 95, 129, 84, 119, 104, 76, 133, 240, 222, 18, 53,
      220, 77, 65, 31, 47, 17, 33, 59, 198, 64, 24, 35, 167, 99
    ],
    "FN": [
      0, 0, 0, 0, 0, 0, 0, 0, 0, 0, 0, 0, 0, 0, 0, 0, 0, 0, 0, 0, 0, 0, 0, 0, 0,
      0, 0, 0, 0, 0, 0, 0, 0, 0, 0, 0, 0, 0, 0, 0, 0, 0, 0, 0, 0, 0, 0, 0, 0, 0
    ],
    "TP": [
      25, 28, 36, 46, 49, 59, 68, 66, 79, 100, 100, 96, 100, 101, 100, 99, 100,
      102, 107, 113, 107, 111, 114, 103, 107, 115, 113, 111, 115, 115, 113, 112,
      107, 101, 105, 107, 97, 93, 89, 79, 83, 79, 71, 73, 68, 60, 60, 51, 46, 40
    ],
    "TN": [
      975, 972, 964, 954, 951, 941, 932, 934, 921, 900, 900, 904, 900, 899, 900,
      901, 900, 898, 893, 887, 893, 889, 886, 897, 893, 885, 887, 889, 885, 885,
      887, 888, 893, 899, 895, 893, 903, 907, 911, 921, 917, 921, 929, 927, 932,
      940, 940, 949, 954, 960
    ],
    "RRMSE": [
      0.0005567844044619494, 0.0006311808290044057, 0.0006444845415475837,
      0.0005016232207269773, 0.0005639093008021774, 0.0007788157274814263,
      0.0008685810059451427, 0.0008341332811764877, 0.0006905120947548418,
      0.0009387934020507518, 0.0009298643979045418, 0.0009953408147064006,
      0.0007776180939711938, 0.0009058134375855662, 0.0010793384923566325,
      0.0010475112025975137, 0.0008154703001201439, 0.0008256185991076027,
      0.0008370281704069833, 0.0009169869213308276, 0.0007576642346065574,
      0.001097281897867449, 0.0009147916564600585, 0.001023999841734908,
      0.0010690184786492658, 0.0009408867846268576, 0.0009815628447729183,
      0.0008521794483037381, 0.0010729609470658077, 0.0008723499716757606,
      0.0008452227225229648, 0.0009724551083169934, 0.003432856093912257,
      0.0020123633054176917, 0.0006291898304502111, 0.0006783098553824818,
      0.0025048855583379467, 0.0007504821405538738, 0.000774827503999083,
      0.0006507008358714143, 0.0006648351331614616, 0.0006604033041686549,
      0.0006231807575224837, 0.000597386501766784, 0.0018180352809970305,
      0.0006606299900672206, 0.0005124855860889415, 0.0006071698669521894,
      0.0007896203418772069, 0.000835524099924621
    ]
  }
}
