{
  "M": 300,
  "N": 1000,
  "Data-No": 5,
  "Sparsity": 4.220408163265307,
  "P-LASSO": {
    "FP": [
      16, 34, 32, 15, 39, 34, 50, 35, 73, 68, 71, 98, 101, 118, 145, 145, 158,
      148, 164, 153, 185, 169, 262, 281, 273, 305, 322, 319, 300, 290, 271, 245,
      257, 236, 206, 241, 186, 172, 150, 183, 179, 165, 145, 99, 141, 159, 166,
      155, 158, 156
    ],
    "FN": [
      0, 0, 0, 0, 0, 0, 0, 0, 0, 0, 0, 0, 0, 0, 0, 0, 0, 0, 0, 0, 0, 0, 0, 0, 0,
      0, 0, 0, 0, 0, 0, 0, 0, 1, 1, 1, 0, 0, 0, 0, 0, 0, 0, 0, 0, 0, 0, 0, 0, 0
    ],
    "TP": [
      3, 4, 5, 7, 7, 11, 12, 13, 16, 18, 19, 22, 25, 27, 33, 36, 36, 39, 40, 43,
      54, 58, 69, 70, 70, 73, 72, 69, 64, 64, 65, 63, 70, 65, 55, 56, 44, 42,
      44, 39, 40, 44, 46, 48, 47, 48, 44, 44, 46, 42
    ],
    "TN": [
      997, 996, 995, 993, 993, 989, 988, 987, 984, 982, 981, 978, 975, 973, 967,
      964, 964, 961, 960, 957, 946, 942, 931, 930, 930, 927, 928, 931, 936, 936,
      935, 937, 930, 935, 945, 944, 956, 958, 956, 961, 960, 956, 954, 952, 953,
      952, 956, 956, 954, 958
    ],
    "RRMSE": [
      0.0007844929999998073, 0.0006794186925014043, 0.000777127890451289,
      0.0005521834205136822, 0.0011712039286815759, 0.0010496685731017563,
      0.0012164322304246125, 0.001935348228463987, 0.002146696280083264,
      0.0016483905121384853, 0.0025157204045704326, 0.2763038950741809,
      0.27994035175136067, 0.2504562558286582, 0.20094587533625496,
      0.24774288797445754, 0.19737237291077236, 0.22972680820352148,
      0.19197301392186997, 0.2000006367685511, 0.22308747117596966,
      0.19978628547968294, 0.3436629243660193, 0.39716394272849465,
      0.4364225454664032, 0.4720409766353672, 0.4352704106928496,
      0.4385902893773273, 0.4816319839485474, 0.5106958300314949,
      0.4875712325161214, 0.44413590882613496, 0.44558507674963455,
      0.3071761870177004, 0.268984629273142, 0.2888242766318235,
      0.33813982801914233, 0.3633893295145588, 0.34724912147044573,
      0.3532919453414489, 0.24929297937497752, 0.22231149513544238,
      0.24894275441064312, 0.19514867646815465, 0.09034994925127657,
      0.04468421566833837, 0.0839669315715889, 0.15527453169787622,
      0.12248357277688672, 0.13431965993246428
    ]
  },
  "W-LASSO": {
    "FP": [
      0, 0, 1, 20, 1, 7, 0, 0, 0, 26, 11, 0, 3, 8, 6, 25, 82, 113, 8, 136, 31,
      162, 43, 26, 50, 45, 22, 30, 61, 32, 3, 30, 32, 183, 9, 194, 4, 147, 152,
      140, 140, 146, 125, 3, 60, 9, 4, 3, 12, 150
    ],
    "FN": [
      0, 0, 0, 0, 0, 0, 0, 0, 0, 0, 0, 0, 0, 0, 0, 0, 0, 0, 0, 0, 0, 0, 0, 0, 0,
      1, 0, 0, 0, 0, 0, 0, 0, 1, 0, 0, 0, 0, 0, 0, 0, 0, 0, 0, 0, 0, 0, 0, 0, 0
    ],
    "TP": [
      3, 4, 5, 7, 7, 11, 12, 13, 16, 18, 19, 22, 25, 27, 33, 36, 36, 39, 40, 43,
      54, 58, 69, 70, 70, 73, 72, 69, 64, 64, 65, 63, 70, 65, 55, 56, 44, 42,
      44, 39, 40, 44, 46, 48, 47, 48, 44, 44, 46, 42
    ],
    "TN": [
      997, 996, 995, 993, 993, 989, 988, 987, 984, 982, 981, 978, 975, 973, 967,
      964, 964, 961, 960, 957, 946, 942, 931, 930, 930, 927, 928, 931, 936, 936,
      935, 937, 930, 935, 945, 944, 956, 958, 956, 961, 960, 956, 954, 952, 953,
      952, 956, 956, 954, 958
    ],
    "RRMSE": [
      0.0006736612950050542, 0.0006237726675842639, 0.0004992270088624614,
      0.00037603849392407355, 0.0008601514252609384, 0.0006558088909489638,
      0.00041956885088719755, 0.0005893103363315069, 0.0003353275413778004,
      0.0005416586784531263, 0.0004526487581268269, 0.0005322389384793381,
      0.0003644519237843011, 0.0005556787123340434, 0.00048149802268560417,
      0.0005794841296473469, 0.0009771552610081573, 0.0009183486642176914,
      0.0006584480696452607, 0.0016655003818207472, 0.0007025822196132578,
      0.002769382691542637, 0.0005532035406133014, 0.0005470704597593806,
      0.0005533939457985205, 0.0006486604979780472, 0.0006455448758266052,
      0.00047108106210087857, 0.0006996006900335717, 0.0007194801294862463,
      0.0004200935064982702, 0.0004866789898993048, 0.0005073644068940416,
      0.002019598927420151, 0.0005446338072604211, 0.002085382361607491,
      0.0004458033257445503, 0.0022355318547972766, 0.001914732602550909,
      0.003085689431957854, 0.0024988039404112887, 0.0032716106140876205,
      0.0017460756788954274, 0.0006167241013845636, 0.0009728817454945848,
      0.0006881240687828346, 0.0008058729205332203, 0.0005963325016566178,
      0.0006544475153135486, 0.0011566137646441602
    ]
  }
}
