{
  "M": 150,
  "N": 1000,
  "Data-No": 5,
  "Sparsity": 4.220408163265307,
  "P-LASSO": {
    "FP": [
      54, 75, 75, 77, 58, 57, 74, 111, 74, 96, 108, 150, 165, 171, 230, 268,
      215, 269, 271, 275, 381, 423, 542, 574, 592, 636, 609, 554, 503, 480, 479,
      433, 536, 485, 433, 477, 377, 327, 367, 321, 323, 319, 272, 260, 263, 238,
      222, 234, 266, 227
    ],
    "FN": [
      0, 0, 0, 0, 0, 0, 0, 0, 0, 0, 0, 0, 0, 0, 0, 0, 0, 0, 0, 0, 0, 0, 0, 0, 0,
      0, 0, 0, 0, 0, 0, 0, 0, 0, 0, 0, 0, 0, 0, 0, 0, 0, 0, 0, 0, 0, 0, 0, 0, 0
    ],
    "TP": [
      3, 4, 5, 7, 7, 11, 12, 13, 16, 18, 19, 22, 25, 27, 33, 36, 36, 39, 40, 43,
      54, 58, 69, 70, 70, 73, 72, 69, 64, 64, 65, 63, 70, 65, 55, 56, 44, 42,
      44, 39, 40, 44, 46, 48, 47, 48, 44, 44, 46, 42
    ],
    "TN": [
      997, 996, 995, 993, 993, 989, 988, 987, 984, 982, 981, 978, 975, 973, 967,
      964, 964, 961, 960, 957, 946, 942, 931, 930, 930, 927, 928, 931, 936, 936,
      935, 937, 930, 935, 945, 944, 956, 958, 956, 961, 960, 956, 954, 952, 953,
      952, 956, 956, 954, 958
    ],
    "RRMSE": [
      0.000981552269587779, 0.0008639244552575834, 0.0007959408759488966,
      0.0007134258434071844, 0.0005199583210278534, 0.0006559183908809868,
      0.0018072785768110662, 0.0020196631556870775, 0.16927089574048113,
      0.33772020463291513, 0.3773052646970738, 0.7616772903057337,
      0.7133560818163998, 0.7528389121274885, 0.683996464752896,
      0.7269893084346003, 0.719252814580039, 0.7358083233505553,
      0.7338720315875783, 0.7444819221606578, 0.7904136592386726,
      0.8104013314283106, 0.7865999251043108, 0.8212967037232675,
      0.7976304620622985, 0.8263842277875981, 0.8271235548190923,
      0.7967117087300286, 0.8048651780930234, 0.8080740351371546,
      0.7859301361632605, 0.8073039353137552, 0.8388222766756658,
      0.7951594894099618, 0.7559560319261903, 0.8097256717605698,
      0.8154531795769849, 0.7517242291733328, 0.7307311060516689,
      0.6745837558741304, 0.7149674541253782, 0.695167566460245,
      0.6943090792684499, 0.7088801050853772, 0.7117000927169019,
      0.7351128008716292, 0.7329453745539439, 0.764818689343032,
      0.7378097277410464, 0.5955933617925719
    ]
  },
  "W-LASSO": {
    "FP": [
      51, 2, 2, 74, 0, 26, 89, 10, 9, 67, 1, 0, 23, 42, 28, 35, 11, 16, 9, 23,
      17, 19, 24, 69, 34, 13, 26, 31, 27, 10, 24, 51, 7, 36, 16, 20, 22, 18, 19,
      31, 6, 11, 7, 6, 17, 22, 13, 46, 11, 12
    ],
    "FN": [
      0, 0, 0, 0, 0, 0, 0, 0, 0, 0, 0, 0, 0, 0, 0, 0, 0, 0, 0, 0, 0, 0, 0, 0, 0,
      0, 0, 1, 0, 0, 1, 0, 0, 0, 0, 0, 0, 0, 0, 0, 0, 0, 0, 0, 0, 0, 0, 0, 0, 0
    ],
    "TP": [
      3, 4, 5, 7, 7, 11, 12, 13, 16, 18, 19, 22, 25, 27, 33, 36, 36, 39, 40, 43,
      54, 58, 69, 70, 70, 73, 72, 69, 64, 64, 65, 63, 70, 65, 55, 56, 44, 42,
      44, 39, 40, 44, 46, 48, 47, 48, 44, 44, 46, 42
    ],
    "TN": [
      997, 996, 995, 993, 993, 989, 988, 987, 984, 982, 981, 978, 975, 973, 967,
      964, 964, 961, 960, 957, 946, 942, 931, 930, 930, 927, 928, 931, 936, 936,
      935, 937, 930, 935, 945, 944, 956, 958, 956, 961, 960, 956, 954, 952, 953,
      952, 956, 956, 954, 958
    ],
    "RRMSE": [
      0.0009735959787413032, 0.0003354072061050505, 0.0003534792412735491,
      0.0006699727608794295, 0.00025057881451611796, 0.00038829319997010504,
      0.0013409779926296312, 0.0006079780503180502, 0.0005367967564292537,
      0.0008572601718275362, 0.0003884213097540018, 0.0007040022683423081,
      0.0004502287617917736, 0.0010808349264895946, 0.0007978971111713357,
      0.001189042749008124, 0.000808625588795871, 0.0011597121404998004,
      0.0011628171954374327, 0.0010290496968885171, 0.0009906735779556363,
      0.0009534075534434194, 0.0011189068907133666, 0.001323805798387838,
      0.0012280233887067631, 0.0012034391379753162, 0.0010734296747767196,
      0.0012976091771250196, 0.0008232323080311183, 0.0009220942527615587,
      0.0009306453857091467, 0.0012667334063871255, 0.0009425792538825168,
      0.0008958854701822645, 0.0008812257581366367, 0.0008554957072178484,
      0.0007095087706929966, 0.00070647782907788, 0.0008497428290884802,
      0.0007537095982497691, 0.0006856304915986005, 0.0006149378415272993,
      0.0006337393087439141, 0.0007519225968647562, 0.0007048409060977297,
      0.0006343808844247752, 0.000704031651595449, 0.0007872653162969454,
      0.0007968465021215578, 0.0006563235951184573
    ]
  }
}
