{
  "M": 300,
  "N": 1000,
  "Data-No": 1,
  "Sparsity": 8.763265306122449,
  "P-LASSO": {
    "FP": [
      131, 137, 154, 167, 174, 217, 220, 191, 220, 292, 293, 307, 314, 320, 307,
      298, 288, 309, 322, 346, 314, 326, 320, 326, 334, 392, 352, 346, 353, 370,
      358, 326, 338, 323, 348, 387, 305, 283, 248, 216, 223, 239, 225, 209, 209,
      184, 188, 164, 153, 145
    ],
    "FN": [
      0, 0, 0, 0, 0, 0, 0, 0, 0, 0, 0, 0, 0, 0, 0, 0, 0, 0, 0, 0, 0, 0, 0, 0, 0,
      0, 0, 0, 0, 0, 0, 0, 0, 0, 0, 0, 0, 0, 0, 0, 0, 0, 0, 0, 0, 0, 0, 0, 0, 0
    ],
    "TP": [
      25, 28, 36, 46, 49, 59, 68, 66, 79, 100, 100, 96, 100, 101, 100, 99, 100,
      102, 107, 113, 107, 111, 114, 103, 107, 115, 113, 111, 115, 115, 113, 112,
      107, 101, 105, 107, 97, 93, 89, 79, 83, 79, 71, 73, 68, 60, 60, 51, 46, 40
    ],
    "TN": [
      975, 972, 964, 954, 951, 941, 932, 934, 921, 900, 900, 904, 900, 899, 900,
      901, 900, 898, 893, 887, 893, 889, 886, 897, 893, 885, 887, 889, 885, 885,
      887, 888, 893, 899, 895, 893, 903, 907, 911, 921, 917, 921, 929, 927, 932,
      940, 940, 949, 954, 960
    ],
    "RRMSE": [
      0.07192078604054308, 0.10022747363921293, 0.0572903142036846,
      0.09365240800345205, 0.12009612620103557, 0.203751385651579,
      0.2275413784719685, 0.2163650602623331, 0.40946850767218396,
      0.4525650722502937, 0.5259045715879336, 0.49705203753534716,
      0.5057065428102367, 0.44460703429601606, 0.38017959266119145,
      0.38086101337422673, 0.42655708879964016, 0.5379820008162942,
      0.574261467210549, 0.5632482285197423, 0.5417547742328868,
      0.5652039837253686, 0.5977353627316424, 0.5433258204000226,
      0.5493171392531887, 0.6575144098679058, 0.6042201861537693,
      0.6265702224786959, 0.6243697029528184, 0.6325405684995672,
      0.60864795480359, 0.6061256663836351, 0.6083918962696947,
      0.5854023804185611, 0.5909898741310636, 0.6146818020329842,
      0.5644904376624144, 0.44003045189867707, 0.39382527478214785,
      0.3536625225096811, 0.3853896827087902, 0.3507177388254152,
      0.3891027350123611, 0.38804923297495275, 0.3009528124829506,
      0.3096556910819944, 0.29840367945560414, 0.2657701282931684,
      0.2006972043019614, 0.14311631342901898
    ]
  },
  "W-LASSO": {
    "FP": [
      2, 17, 3, 10, 5, 28, 102, 15, 12, 44, 122, 173, 12, 17, 162, 19, 153, 23,
      123, 124, 116, 94, 106, 127, 114, 115, 136, 137, 147, 146, 153, 141, 137,
      125, 129, 138, 54, 94, 136, 146, 160, 158, 145, 162, 13, 8, 127, 136, 119,
      102
    ],
    "FN": [
      0, 0, 0, 0, 0, 0, 0, 0, 0, 0, 0, 0, 0, 0, 0, 0, 0, 0, 0, 0, 0, 0, 0, 0, 0,
      0, 1, 0, 1, 2, 2, 3, 3, 2, 2, 2, 0, 0, 0, 0, 0, 0, 0, 0, 0, 0, 0, 0, 0, 0
    ],
    "TP": [
      25, 28, 36, 46, 49, 59, 68, 66, 79, 100, 100, 96, 100, 101, 100, 99, 100,
      102, 107, 113, 107, 111, 114, 103, 107, 115, 113, 111, 115, 115, 113, 112,
      107, 101, 105, 107, 97, 93, 89, 79, 83, 79, 71, 73, 68, 60, 60, 51, 46, 40
    ],
    "TN": [
      975, 972, 964, 954, 951, 941, 932, 934, 921, 900, 900, 904, 900, 899, 900,
      901, 900, 898, 893, 887, 893, 889, 886, 897, 893, 885, 887, 889, 885, 885,
      887, 888, 893, 899, 895, 893, 903, 907, 911, 921, 917, 921, 929, 927, 932,
      940, 940, 949, 954, 960
    ],
    "RRMSE": [
      0.0004282040557099833, 0.0004222267629591152, 0.00046993460164120775,
      0.0006133675258293062, 0.00044005452203893275, 0.0006417736401530927,
      0.0008015446344904618, 0.0005700955868041026, 0.000585015180454591,
      0.0007502552468516651, 0.0010165677731139044, 0.002096560544073248,
      0.0006437925713521427, 0.0008040308848796031, 0.0016425388816838022,
      0.0006331211924515492, 0.0018211977345331779, 0.0008951928522258437,
      0.0019146538342008452, 0.0013820640399014991, 0.0022254483219652475,
      0.0020670475825856666, 0.0017478423053422273, 0.0019014902150528972,
      0.0019162887517358178, 0.0019386516487081501, 0.07773298005476798,
      0.0016126022205746398, 0.24132377980876654, 0.24601670665116288,
      0.03634276138434778, 0.24305627839073715, 0.25040928778529653,
      0.25846994876608237, 0.2512896752748366, 0.2501494191943381,
      0.0012587172309327368, 0.0009891610673903818, 0.003502711507037694,
      0.0013848229618761481, 0.001995226482577465, 0.0020774121151967847,
      0.002619042205881742, 0.003240238086125832, 0.0008567803507691797,
      0.0007060610727621692, 0.0010237305848195173, 0.0014510740247183351,
      0.001184110381127363, 0.0006410393131091637
    ]
  }
}
