{
  "M": 150,
  "N": 1000,
  "Data-No": 6,
  "Sparsity": 6.185714285714285,
  "P-LASSO": {
    "FP": [
      175, 202, 218, 223, 274, 313, 261, 248, 232, 241, 280, 316, 373, 494, 584,
      580, 535, 545, 497, 532, 545, 622, 583, 622, 632, 657, 682, 602, 603, 690,
      728, 677, 671, 664, 590, 488, 359, 318, 347, 368, 287, 232, 327, 244, 179,
      206, 224, 224, 199, 206
    ],
    "FN": [
      0, 0, 0, 0, 0, 0, 0, 0, 0, 0, 0, 0, 0, 0, 0, 0, 0, 0, 0, 0, 0, 0, 0, 0, 0,
      0, 0, 0, 0, 0, 0, 0, 0, 0, 0, 0, 0, 0, 0, 0, 0, 0, 0, 0, 0, 0, 0, 0, 0, 0
    ],
    "TP": [
      42, 43, 43, 46, 49, 52, 49, 46, 47, 48, 49, 52, 58, 64, 75, 78, 74, 72,
      71, 70, 75, 84, 90, 93, 94, 95, 93, 91, 80, 84, 88, 87, 83, 78, 72, 64,
      56, 49, 52, 49, 46, 40, 46, 37, 32, 35, 39, 39, 37, 37
    ],
    "TN": [
      958, 957, 957, 954, 951, 948, 951, 954, 953, 952, 951, 948, 942, 936, 925,
      922, 926, 928, 929, 930, 925, 916, 910, 907, 906, 905, 907, 909, 920, 916,
      912, 913, 917, 922, 928, 936, 944, 951, 948, 951, 954, 960, 954, 963, 968,
      965, 961, 961, 963, 963
    ],
    "RRMSE": [
      0.3796657555700305, 0.4475609469316854, 0.5105410232294076,
      0.40949369046295275, 0.6136762169647447, 0.7313599298427265,
      0.6779558137981734, 0.6969500431378439, 0.6773362662470234,
      0.6334089499499859, 0.6675362285809896, 0.7652590765457052,
      0.7636797788258636, 0.8217313265715502, 0.8372741761924928,
      0.8624624226548437, 0.8358082052314483, 0.8346523309576623,
      0.8568134927895151, 0.8525295238539273, 0.8494579371012714,
      0.8851976921674704, 0.8521451840685392, 0.8572640419058359,
      0.8441752742749691, 0.8366278034506832, 0.8692382291432481,
      0.851528870194777, 0.8499431339792441, 0.8650477108282867,
      0.8583665429301203, 0.8386676610082001, 0.8318432083294509,
      0.8537745241134925, 0.7960009437439264, 0.7556113862072805,
      0.7175883093100064, 0.7075866204106145, 0.7025755327058436,
      0.7283076080778733, 0.6811926349513331, 0.6053451763881793,
      0.6376894226228839, 0.596776649069605, 0.5781896275791182,
      0.5640253413709915, 0.5620481874209956, 0.5618406614482282,
      0.453750703929823, 0.3459053035767416
    ]
  },
  "W-LASSO": {
    "FP": [
      18, 10, 19, 51, 12, 37, 63, 71, 46, 19, 7, 10, 41, 13, 11, 21, 13, 22, 56,
      57, 52, 40, 39, 17, 39, 40, 44, 33, 36, 24, 52, 17, 53, 59, 57, 67, 24,
      50, 62, 43, 17, 10, 7, 16, 6, 67, 81, 94, 80, 89
    ],
    "FN": [
      0, 0, 0, 0, 0, 0, 0, 0, 0, 0, 0, 0, 0, 0, 0, 0, 0, 0, 0, 0, 0, 0, 0, 0, 0,
      0, 0, 0, 0, 0, 0, 0, 0, 0, 0, 0, 0, 0, 0, 0, 0, 0, 0, 0, 0, 0, 0, 0, 0, 0
    ],
    "TP": [
      42, 43, 43, 46, 49, 52, 49, 46, 47, 48, 49, 52, 58, 64, 75, 78, 74, 72,
      71, 70, 75, 84, 90, 93, 94, 95, 93, 91, 80, 84, 88, 87, 83, 78, 72, 64,
      56, 49, 52, 49, 46, 40, 46, 37, 32, 35, 39, 39, 37, 37
    ],
    "TN": [
      958, 957, 957, 954, 951, 948, 951, 954, 953, 952, 951, 948, 942, 936, 925,
      922, 926, 928, 929, 930, 925, 916, 910, 907, 906, 905, 907, 909, 920, 916,
      912, 913, 917, 922, 928, 936, 944, 951, 948, 951, 954, 960, 954, 963, 968,
      965, 961, 961, 963, 963
    ],
    "RRMSE": [
      0.0007208620405649808, 0.0007566231837009408, 0.00069472524990598,
      0.0016956207497897677, 0.0006837887492516459, 0.0008187212612590872,
      0.0009009061607905296, 0.0014181990691125876, 0.0010744304031797738,
      0.0008655551875138038, 0.0006022139273922102, 0.0006775143992591203,
      0.001080544715224249, 0.0005648293965081521, 0.0012859730316475931,
      0.0011923922541018264, 0.0009727369464628373, 0.0008073754402401964,
      0.0012436273436578172, 0.0013543589132463739, 0.0012331963288208432,
      0.0012069730405807563, 0.0016853198996405396, 0.001958778883239029,
      0.00222321682898483, 0.0018898806629501338, 0.0029084056016803373,
      0.002133494065632787, 0.0034809832159738373, 0.0033662942254700794,
      0.0016941279075822504, 0.002465187641069294, 0.001541316374689283,
      0.0022097025494114786, 0.001696669837194593, 0.0013613463341966912,
      0.0009420194353690077, 0.0011614439298418566, 0.001478716189824593,
      0.0008231182568804313, 0.0008514298214888672, 0.0006881051928365831,
      0.0006873986442859048, 0.0008400652090664059, 0.0005969607605859843,
      0.0017043112217683522, 0.0014960636622956113, 0.0010170552198043804,
      0.001218075586446194, 0.0018523682540421591
    ]
  }
}
