{
  "M": 150,
  "N": 1000,
  "Data-No": 1,
  "Sparsity": 8.763265306122449,
  "P-LASSO": {
    "FP": [
      64, 83, 126, 166, 189, 260, 330, 349, 444, 589, 601, 582, 626, 599, 624,
      612, 567, 599, 655, 681, 576, 588, 651, 711, 742, 808, 810, 812, 806, 806,
      789, 774, 797, 668, 715, 685, 596, 544, 555, 517, 507, 497, 418, 462, 463,
      385, 352, 265, 249, 190
    ],
    "FN": [
      0, 0, 0, 0, 0, 0, 0, 0, 0, 0, 0, 0, 0, 0, 0, 0, 0, 0, 0, 0, 0, 0, 0, 0, 0,
      0, 0, 0, 0, 0, 0, 0, 0, 0, 0, 0, 0, 0, 0, 0, 0, 0, 0, 0, 0, 0, 0, 0, 0, 0
    ],
    "TP": [
      25, 28, 36, 46, 49, 59, 68, 66, 79, 100, 100, 96, 100, 101, 100, 99, 100,
      102, 107, 113, 107, 111, 114, 103, 107, 115, 113, 111, 115, 115, 113, 112,
      107, 101, 105, 107, 97, 93, 89, 79, 83, 79, 71, 73, 68, 60, 60, 51, 46, 40
    ],
    "TN": [
      975, 972, 964, 954, 951, 941, 932, 934, 921, 900, 900, 904, 900, 899, 900,
      901, 900, 898, 893, 887, 893, 889, 886, 897, 893, 885, 887, 889, 885, 885,
      887, 888, 893, 899, 895, 893, 903, 907, 911, 921, 917, 921, 929, 927, 932,
      940, 940, 949, 954, 960
    ],
    "RRMSE": [
      0.003166210739330336, 0.0634228450425804, 0.3405459210814179,
      0.4737273560229544, 0.5852190476258338, 0.7590580960719385,
      0.8066137194937758, 0.8021582387927981, 0.8187648221785392,
      0.8493544314521482, 0.8699706362862599, 0.8662912224116477,
      0.8574683430154154, 0.8613213343226841, 0.8845410256986824,
      0.8859186276053526, 0.8528196124076571, 0.861853707503153,
      0.8752867888700319, 0.8816199795144491, 0.8480746971205483,
      0.8722922554650339, 0.8382727820475262, 0.8393179815382343,
      0.8795601281870907, 0.8723447175441696, 0.8828573362824055,
      0.8980173964623959, 0.8833308634468832, 0.8817146837268109,
      0.8640403607450786, 0.8473028212463988, 0.9001007702935452,
      0.8646026791778801, 0.8716482062162573, 0.9057740847378009,
      0.8946786202246425, 0.8581427637814347, 0.827453004087901,
      0.8420992884499539, 0.8363503113614391, 0.8286068839461201,
      0.7969617015264019, 0.8197105716662859, 0.8215247650359402,
      0.7628988219876642, 0.703205698227867, 0.6943726125456835,
      0.6923968619935423, 0.6231136208019759
    ]
  },
  "W-LASSO": {
    "FP": [
      6, 7, 5, 8, 38, 52, 11, 8, 44, 30, 33, 35, 34, 32, 29, 34, 31, 32, 29, 31,
      20, 22, 26, 24, 14, 31, 32, 35, 32, 13, 32, 32, 26, 36, 26, 21, 34, 22,
      18, 28, 16, 32, 47, 30, 45, 54, 41, 12, 43, 25
    ],
    "FN": [
      0, 0, 0, 0, 0, 0, 0, 0, 0, 0, 0, 0, 0, 1, 0, 0, 1, 1, 0, 4, 1, 1, 3, 0, 0,
      0, 0, 0, 1, 0, 0, 0, 0, 0, 0, 0, 0, 0, 0, 0, 0, 0, 0, 0, 0, 0, 0, 0, 0, 0
    ],
    "TP": [
      25, 28, 36, 46, 49, 59, 68, 66, 79, 100, 100, 96, 100, 101, 100, 99, 100,
      102, 107, 113, 107, 111, 114, 103, 107, 115, 113, 111, 115, 115, 113, 112,
      107, 101, 105, 107, 97, 93, 89, 79, 83, 79, 71, 73, 68, 60, 60, 51, 46, 40
    ],
    "TN": [
      975, 972, 964, 954, 951, 941, 932, 934, 921, 900, 900, 904, 900, 899, 900,
      901, 900, 898, 893, 887, 893, 889, 886, 897, 893, 885, 887, 889, 885, 885,
      887, 888, 893, 899, 895, 893, 903, 907, 911, 921, 917, 921, 929, 927, 932,
      940, 940, 949, 954, 960
    ],
    "RRMSE": [
      0.0006226063817526209, 0.0007719298025942511, 0.0008305227396844,
      0.0011229663279048992, 0.001128364131850941, 0.001673665474945017,
      0.0009233086518950003, 0.0011837453561535831, 0.0017609712082527033,
      0.0025834681177017253, 0.002752141437233544, 0.0030959247988220535,
      0.002496992621019213, 0.006285262443822951, 0.0034372568995666005,
      0.003778811074033464, 0.02163793422672389, 0.023158307688499948,
      0.006478462559051993, 0.13909121142396483, 0.013861387567555356,
      0.045585018655841254, 0.14981507806872893, 0.004391157377642465,
      0.003510385674056054, 0.006405292243033759, 0.004739342199477504,
      0.0025312988201959354, 0.02916972653782185, 0.0029592951348436946,
      0.015995054839280612, 0.005486096410035981, 0.0023691369374504523,
      0.023767394994269324, 0.003243106313735177, 0.002820833732942069,
      0.0022552237460951078, 0.0017191608984277597, 0.001719024354173855,
      0.0016650960580302284, 0.0014124276596297978, 0.0012234369454929754,
      0.0013863881205685134, 0.0010425697695817015, 0.0010909000743266814,
      0.0013714816150065278, 0.000994660695250724, 0.0010546041503487374,
      0.0010780692543607218, 0.0008102181355485592
    ]
  }
}
