{
  "M": 150,
  "N": 1000,
  "Data-No": 10,
  "Sparsity": 3.2959183673469385,
  "P-LASSO": {
    "FP": [
      82, 95, 130, 126, 126, 147, 103, 106, 101, 74, 86, 97, 73, 96, 89, 94,
      158, 218, 252, 333, 377, 390, 430, 430, 461, 533, 538, 480, 441, 444, 388,
      355, 310, 197, 121, 113, 91, 86, 66, 27, 45, 31, 48, 28, 39, 22, 44, 24,
      26, 14
    ],
    "FN": [
      0, 0, 0, 0, 0, 0, 0, 0, 0, 0, 0, 0, 0, 0, 0, 0, 0, 0, 0, 0, 0, 0, 0, 0, 0,
      0, 0, 0, 0, 0, 0, 0, 0, 0, 0, 0, 0, 0, 0, 0, 0, 0, 0, 0, 0, 0, 0, 0, 0, 0
    ],
    "TP": [
      30, 31, 31, 30, 30, 29, 25, 24, 22, 20, 21, 22, 21, 28, 29, 31, 37, 42,
      47, 56, 61, 63, 69, 72, 73, 79, 78, 69, 65, 62, 56, 50, 45, 36, 30, 26,
      20, 16, 13, 6, 5, 4, 5, 6, 4, 5, 5, 4, 6, 6
    ],
    "TN": [
      970, 969, 969, 970, 970, 971, 975, 976, 978, 980, 979, 978, 979, 972, 971,
      969, 963, 958, 953, 944, 939, 937, 931, 928, 927, 921, 922, 931, 935, 938,
      944, 950, 955, 964, 970, 974, 980, 984, 987, 994, 995, 996, 995, 994, 996,
      995, 995, 996, 994, 994
    ],
    "RRMSE": [
      0.3669299406326582, 0.36832117664199343, 0.4069858005869112,
      0.3686272771002425, 0.36879372652739917, 0.35796499478496707,
      0.2086842178115861, 0.22439063595113948, 0.0027678823070295135,
      0.0026203929228150766, 0.0013091897267833521, 0.001654126818039803,
      0.0012400542049189112, 0.007546417092245981, 0.22217325059288023,
      0.24113058388585473, 0.6731788350556457, 0.7385925895991831,
      0.708748736676702, 0.7780410127234719, 0.7540444874157384,
      0.7747110202763966, 0.7698220954238828, 0.8148850178258594,
      0.8113756238596431, 0.8138533576619543, 0.8198383667164936,
      0.8214469463664191, 0.7746871867825632, 0.7752272158265513,
      0.7869147136501822, 0.8196097484006393, 0.7512372231544228,
      0.6229540102635233, 0.4822238406562514, 0.5020300394468526,
      0.0017821972116421863, 0.0011180998148674543, 0.001502897448288395,
      0.0005957055324351476, 0.0005930066123046148, 0.0006433920635444455,
      0.001065067430811818, 0.0012081119189476682, 0.0015797684214053113,
      0.0018781358104186133, 0.0023077902554995682, 0.0007864859288491128,
      0.0008561051175482215, 0.0014277942549211016
    ]
  },
  "W-LASSO": {
    "FP": [
      3, 1, 1, 2, 5, 5, 0, 22, 4, 92, 9, 96, 4, 8, 18, 88, 3, 10, 10, 69, 17,
      65, 44, 54, 55, 46, 48, 31, 57, 55, 56, 20, 13, 14, 19, 67, 67, 3, 3, 1,
      1, 2, 1, 19, 2, 0, 0, 0, 0, 3
    ],
    "FN": [
      0, 0, 0, 0, 0, 0, 0, 0, 0, 0, 0, 0, 0, 0, 0, 0, 0, 0, 0, 0, 0, 0, 0, 0, 0,
      0, 0, 0, 0, 0, 0, 0, 0, 0, 0, 0, 0, 0, 0, 0, 0, 0, 0, 0, 0, 0, 0, 0, 0, 0
    ],
    "TP": [
      30, 31, 31, 30, 30, 29, 25, 24, 22, 20, 21, 22, 21, 28, 29, 31, 37, 42,
      47, 56, 61, 63, 69, 72, 73, 79, 78, 69, 65, 62, 56, 50, 45, 36, 30, 26,
      20, 16, 13, 6, 5, 4, 5, 6, 4, 5, 5, 4, 6, 6
    ],
    "TN": [
      970, 969, 969, 970, 970, 971, 975, 976, 978, 980, 979, 978, 979, 972, 971,
      969, 963, 958, 953, 944, 939, 937, 931, 928, 927, 921, 922, 931, 935, 938,
      944, 950, 955, 964, 970, 974, 980, 984, 987, 994, 995, 996, 995, 994, 996,
      995, 995, 996, 994, 994
    ],
    "RRMSE": [
      0.000524982590789807, 0.000679168946864612, 0.0006120849471718862,
      0.000924088509756077, 0.0006605354252864155, 0.0006263306563901265,
      0.00045673662979886785, 0.0006530097688517428, 0.0010750112176450592,
      0.0024764775232891225, 0.0007099251128720997, 0.0015185168971635053,
      0.0007504553116774319, 0.0007861568160169894, 0.0005558703817929434,
      0.001168601807305053, 0.0012319715695829731, 0.000585338965852874,
      0.0005748236064827473, 0.0018022060372330547, 0.0008511062794241687,
      0.0012106063463879207, 0.0013639022902931764, 0.0014731479282680897,
      0.0011789246836339303, 0.0014169842296470744, 0.0013214585399908276,
      0.0012072014636268387, 0.0010463012621848998, 0.0012365608017293238,
      0.0010843529343092272, 0.000896662942020251, 0.0007098771092063034,
      0.000802805486761672, 0.00047307745123188765, 0.0010742899919343148,
      0.0007525409289019946, 0.00044742883199964213, 0.0008331721105604217,
      0.000604535903859406, 0.0004016243511885808, 0.00033549201736180964,
      0.0005676331953992554, 0.0006740841220400589, 0.0009111541297778909,
      0.0005784742023114048, 0.0003373868610306318, 0.00046350362690821266,
      0.0008935821664262982, 0.0007695092842361202
    ]
  }
}
