{
  "M": 300,
  "N": 1000,
  "Data-No": 10,
  "Sparsity": 3.2959183673469385,
  "P-LASSO": {
    "FP": [
      128, 156, 108, 110, 123, 105, 108, 84, 121, 89, 89, 115, 85, 125, 134, 96,
      138, 119, 178, 183, 211, 230, 265, 271, 276, 330, 335, 327, 316, 303, 255,
      247, 207, 126, 135, 104, 102, 63, 55, 42, 32, 30, 24, 39, 40, 49, 37, 35,
      46, 36
    ],
    "FN": [
      0, 0, 0, 0, 0, 0, 0, 0, 0, 0, 0, 0, 0, 0, 0, 0, 0, 0, 0, 0, 0, 0, 0, 0, 0,
      0, 0, 0, 0, 0, 0, 0, 0, 0, 0, 0, 0, 0, 0, 0, 0, 0, 0, 0, 0, 0, 0, 0, 0, 0
    ],
    "TP": [
      30, 31, 31, 30, 30, 29, 25, 24, 22, 20, 21, 22, 21, 28, 29, 31, 37, 42,
      47, 56, 61, 63, 69, 72, 73, 79, 78, 69, 65, 62, 56, 50, 45, 36, 30, 26,
      20, 16, 13, 6, 5, 4, 5, 6, 4, 5, 5, 4, 6, 6
    ],
    "TN": [
      970, 969, 969, 970, 970, 971, 975, 976, 978, 980, 979, 978, 979, 972, 971,
      969, 963, 958, 953, 944, 939, 937, 931, 928, 927, 921, 922, 931, 935, 938,
      944, 950, 955, 964, 970, 974, 980, 984, 987, 994, 995, 996, 995, 994, 996,
      995, 995, 996, 994, 994
    ],
    "RRMSE": [
      0.3981722973818793, 0.4137348621100382, 0.5048804499151216,
      0.4174487726104661, 0.41465438421952655, 0.4454987429796836,
      0.40069525086627134, 0.34445428909114073, 0.4320210104939915,
      0.20590284530198488, 0.3048739299509758, 0.40868851014950197,
      0.0008269368340758661, 0.01824068768952423, 0.008789483169291094,
      0.028981323400788645, 0.2231289666009006, 0.32798890281021614,
      0.3255735202224396, 0.28925276020102947, 0.3387868820848231,
      0.31638704874741697, 0.41999961822320986, 0.4563008576582832,
      0.5528572517848921, 0.5951155502541672, 0.6017616785376361,
      0.6036421920574512, 0.6097133174647702, 0.6026991878870335,
      0.5425175901748206, 0.5253141389363067, 0.5277514589858392,
      0.25624274178837037, 0.13526527178412356, 0.15659128649182427,
      0.0028324023472703318, 0.001399444200639441, 0.0006898892788101279,
      0.0007900101916549649, 0.0007489749473121315, 0.0004343149485399677,
      0.00037704456639416707, 0.0008188692745932428, 0.0008110626484047923,
      0.0008110409224932315, 0.0010065646476295018, 0.0003238309166504284,
      0.0008051898876176105, 0.0005068495946888936
    ]
  },
  "W-LASSO": {
    "FP": [
      0, 19, 0, 78, 40, 117, 59, 2, 54, 34, 3, 3, 68, 84, 35, 136, 136, 8, 16,
      141, 62, 33, 42, 30, 65, 75, 72, 145, 25, 11, 14, 128, 99, 30, 3, 97, 0,
      63, 21, 7, 8, 30, 18, 0, 0, 32, 0, 34, 44, 0
    ],
    "FN": [
      0, 0, 0, 0, 0, 0, 0, 0, 0, 0, 0, 0, 0, 0, 0, 0, 0, 0, 0, 0, 0, 0, 0, 0, 0,
      0, 0, 0, 0, 0, 0, 0, 0, 0, 0, 0, 0, 0, 0, 0, 0, 0, 0, 0, 0, 0, 0, 0, 0, 0
    ],
    "TP": [
      30, 31, 31, 30, 30, 29, 25, 24, 22, 20, 21, 22, 21, 28, 29, 31, 37, 42,
      47, 56, 61, 63, 69, 72, 73, 79, 78, 69, 65, 62, 56, 50, 45, 36, 30, 26,
      20, 16, 13, 6, 5, 4, 5, 6, 4, 5, 5, 4, 6, 6
    ],
    "TN": [
      970, 969, 969, 970, 970, 971, 975, 976, 978, 980, 979, 978, 979, 972, 971,
      969, 963, 958, 953, 944, 939, 937, 931, 928, 927, 921, 922, 931, 935, 938,
      944, 950, 955, 964, 970, 974, 980, 984, 987, 994, 995, 996, 995, 994, 996,
      995, 995, 996, 994, 994
    ],
    "RRMSE": [
      0.00041027256090228495, 0.00039312198193435036, 0.000514595286803353,
      0.0007965814086539881, 0.0008232127059176751, 0.0018116688849050132,
      0.0006590465685063487, 0.0005930297009780898, 0.0008290787301927816,
      0.0006804343767255124, 0.0006974776938240102, 0.0006816035606911258,
      0.0005283890112621398, 0.0007284269732770392, 0.0005285903744662476,
      0.0015627018343445714, 0.001722990829343709, 0.00043730702221455697,
      0.0005772982257450831, 0.0019441030453547065, 0.0008341270822396243,
      0.0006226817727923448, 0.0007684864255220234, 0.0005435539598249642,
      0.0007314839955014297, 0.0010015359450603867, 0.001296373353008065,
      0.001395077027899051, 0.0006577782464343181, 0.0007636259961716487,
      0.0006562489831074916, 0.0014627915998833003, 0.0010761291862862394,
      0.0006643679071093864, 0.0006950762402521562, 0.002831249010024254,
      0.0005571278946537973, 0.0008231786985324188, 0.0005663577932506705,
      0.0006178046300177318, 0.0004823880547468234, 0.0004395013868801498,
      0.0003504226394337868, 0.0006494896977891716, 0.0002620986104747775,
      0.0006678465210904186, 0.00021432467349946787, 0.0003086813881600003,
      0.0007976992665101876, 0.0005472205632143764
    ]
  }
}
