{
    "150": {
        "0.02": {
            "rrmse": 0.1526848128960016,
            "sensitivity": 0.9430283845312217,
            "specificity": 0.9416594209306034,
            "mcc": 0.47667172247225564,
            "extra_info": {
                "best_lambd": 0.00012742749857031334,
                "d_avg": 493332.97368239536,
                "dk_avg": 0
            }
        },
        "0.04": {
            "rrmse": 0.482162347772221,
            "sensitivity": 0.8080550159529761,
            "specificity": 0.8962048461824971,
            "mcc": 0.4155238630721451,
            "extra_info": {
                "best_lambd": 0.00012742749857031334,
                "d_avg": 957250.1526966095,
                "dk_avg": 0
            }
        },
        "0.08": {
            "rrmse": 0.7699171730009693,
            "sensitivity": 0.7031610681286412,
            "specificity": 0.7789237979826407,
            "mcc": 0.30017595732827407,
            "extra_info": {
                "best_lambd": 5.455594781168511e-05,
                "d_avg": 1925376.5740729345,
                "dk_avg": 0
            }
        },
        "0.15": {
            "rrmse": 0.841737543895999,
            "sensitivity": 0.7494629792823999,
            "specificity": 0.5783727036004639,
            "mcc": 0.23495507746810987,
            "extra_info": {
                "best_lambd": 2.3357214690901203e-05,
                "d_avg": 3576215.4909265502,
                "dk_avg": 0
            }
        }
    },
    "200": {
        "0.02": {
            "rrmse": 0.11331901383114489,
            "sensitivity": 0.9750229443679569,
            "specificity": 0.8649631727848194,
            "mcc": 0.3280576076679215,
            "extra_info": {
                "best_lambd": 5.455594781168511e-05,
                "d_avg": 299551.0467830615,
                "dk_avg": 0
            }
        },
        "0.04": {
            "rrmse": 0.2815762880919647,
            "sensitivity": 0.8725547575204302,
            "specificity": 0.9396038816680958,
            "mcc": 0.5885251793267203,
            "extra_info": {
                "best_lambd": 0.00029763514416313155,
                "d_avg": 584607.9814447941,
                "dk_avg": 0
            }
        },
        "0.08": {
            "rrmse": 0.6219727367425182,
            "sensitivity": 0.7754318710330144,
            "specificity": 0.7758068037994904,
            "mcc": 0.36376936069054927,
            "extra_info": {
                "best_lambd": 0.00012742749857031334,
                "d_avg": 1165783.6683939619,
                "dk_avg": 0
            }
        },
        "0.15": {
            "rrmse": 0.7817830327934288,
            "sensitivity": 0.7445640943576446,
            "specificity": 0.6275317556476118,
            "mcc": 0.28649167533768705,
            "extra_info": {
                "best_lambd": 5.455594781168511e-05,
                "d_avg": 2205985.140815076,
                "dk_avg": 0
            }
        }
    },
    "300": {
        "0.02": {
            "rrmse": 0.06563758814195714,
            "sensitivity": 0.9727439581554914,
            "specificity": 0.9581396543275629,
            "mcc": 0.5590839025068574,
            "extra_info": {
                "best_lambd": 0.00029763514416313155,
                "d_avg": 164935.90414195496,
                "dk_avg": 0
            }
        },
        "0.04": {
            "rrmse": 0.14121754251129626,
            "sensitivity": 0.9232520262045055,
            "specificity": 0.9484624118964524,
            "mcc": 0.6198673033336338,
            "extra_info": {
                "best_lambd": 0.00029763514416313155,
                "d_avg": 328703.62910992187,
                "dk_avg": 0
            }
        },
        "0.08": {
            "rrmse": 0.34540751803499903,
            "sensitivity": 0.8937172719781517,
            "specificity": 0.8032028850440421,
            "mcc": 0.45051966266213567,
            "extra_info": {
                "best_lambd": 0.00012742749857031334,
                "d_avg": 667642.9983648459,
                "dk_avg": 0
            }
        },
        "0.15": {
            "rrmse": 0.6530695082605148,
            "sensitivity": 0.8717699384105025,
            "specificity": 0.5034121469993825,
            "mcc": 0.28539230034407653,
            "extra_info": {
                "best_lambd": 0.00012742749857031334,
                "d_avg": 1212560.4945753713,
                "dk_avg": 0
            }
        }
    },
    "375": {
        "0.02": {
            "rrmse": 0.052373468425760024,
            "sensitivity": 0.9835836997047918,
            "specificity": 0.9427987590910503,
            "mcc": 0.49350916761471325,
            "extra_info": {
                "best_lambd": 0.00029763514416313155,
                "d_avg": 122263.20337946527,
                "dk_avg": 0
            }
        },
        "0.04": {
            "rrmse": 0.0995932390487435,
            "sensitivity": 0.9666327147575884,
            "specificity": 0.8409945208061987,
            "mcc": 0.40123715357698886,
            "extra_info": {
                "best_lambd": 0.00012742749857031334,
                "d_avg": 238158.76259738658,
                "dk_avg": 0
            }
        },
        "0.08": {
            "rrmse": 0.22673267472340933,
            "sensitivity": 0.9265488924577713,
            "specificity": 0.7835844032147371,
            "mcc": 0.44570226298092686,
            "extra_info": {
                "best_lambd": 0.00012742749857031334,
                "d_avg": 476571.7178614675,
                "dk_avg": 0
            }
        },
        "0.15": {
            "rrmse": 0.5174152957182859,
            "sensitivity": 0.8762039236056508,
            "specificity": 0.6402853655883947,
            "mcc": 0.3767959636564994,
            "extra_info": {
                "best_lambd": 5.455594781168511e-05,
                "d_avg": 894181.997861148,
                "dk_avg": 0
            }
        }
    },
    "500": {
        "0.02": {
            "rrmse": 0.04206568262873327,
            "sensitivity": 0.9856307700324903,
            "specificity": 0.912570947902937,
            "mcc": 0.4094300892536203,
            "extra_info": {
                "best_lambd": 0.00029763514416313155,
                "d_avg": 81779.19657020419,
                "dk_avg": 0
            }
        },
        "0.04": {
            "rrmse": 0.07678401112510998,
            "sensitivity": 0.9688903056746269,
            "specificity": 0.9164788520401481,
            "mcc": 0.5343363552659796,
            "extra_info": {
                "best_lambd": 0.00029763514416313155,
                "d_avg": 163900.2071158341,
                "dk_avg": 0
            }
        },
        "0.08": {
            "rrmse": 0.1639288230604992,
            "sensitivity": 0.957055482869562,
            "specificity": 0.7301732709481742,
            "mcc": 0.40480228781438643,
            "extra_info": {
                "best_lambd": 0.00012742749857031334,
                "d_avg": 334265.8717698799,
                "dk_avg": 0
            }
        },
        "0.15": {
            "rrmse": 0.38637649842892147,
            "sensitivity": 0.9334186743377618,
            "specificity": 0.5506026180553956,
            "mcc": 0.3516360807186952,
            "extra_info": {
                "best_lambd": 5.455594781168511e-05,
                "d_avg": 614947.7219975103,
                "dk_avg": 0
            }
        }
    }
}